p,factor,eig_index,num_pulses,theta_l,background_theta,delta_l,state_fidelity,state_infidelity,phase_aligned_state_error,source_file
1e-05,feedback U_0,0,9,5.196308288585257e-05,0.0,5.196308288590856e-05,0.9999999999973195,2.680522470654978e-12,1.6372719587411743e-06,sequences/p_1p000000000000em05__feedback_u_0__eig_00.csv
1e-05,feedback U_0,1,9,-5.1963082885867675e-05,0.0,-5.196308288590856e-05,0.9999999999982456,1.7543744235126724e-12,1.3244963545660748e-06,sequences/p_1p000000000000em05__feedback_u_0__eig_01.csv
1e-05,feedback U_0,2,9,1.5707963267948966,0.0,1.5707963267948966,0.9999999999985223,1.4777068457760834e-12,1.215578152094154e-06,sequences/p_1p000000000000em05__feedback_u_0__eig_02.csv
1e-05,feedback U_0,3,9,-1.5707963267948966,0.0,-1.5707963267948966,0.999999999318929,6.810709773930057e-10,2.6097330278439083e-05,sequences/p_1p000000000000em05__feedback_u_0__eig_03.csv
1e-05,feedback U_0,4,9,3.141592653589793,0.0,-3.141592653589793,0.9999999999865288,1.3471224136196724e-11,3.6703613026062715e-06,sequences/p_1p000000000000em05__feedback_u_0__eig_04.csv
1e-05,feedback U_0,5,9,-1.837144857815603e-05,0.0,-1.8371448577969574e-05,0.99999999999583,4.169997680492088e-12,2.0421090099132886e-06,sequences/p_1p000000000000em05__feedback_u_0__eig_05.csv
1e-05,feedback U_0,6,9,1.8371448578162877e-05,0.0,1.8371448577969574e-05,0.9999999999996987,3.013145288832675e-13,5.489530470799545e-07,sequences/p_1p000000000000em05__feedback_u_0__eig_06.csv
1e-05,feedback U_1,0,8,-3.141592653589793,0.0,-3.141592653589793,0.9999999999976925,2.3074875343809254e-12,1.5190742628394285e-06,sequences/p_1p000000000000em05__feedback_u_1__eig_00.csv
1e-05,feedback U_1,1,8,-1.122963929865964,0.0,-1.1229639298659642,0.9999999995550786,4.4492143302932163e-10,2.1093157130691938e-05,sequences/p_1p000000000000em05__feedback_u_1__eig_01.csv
1e-05,feedback U_1,3,8,1.122963929865964,0.0,1.1229639298659642,0.9999999999923439,7.65609797781508e-12,2.7668770759853302e-06,sequences/p_1p000000000000em05__feedback_u_1__eig_03.csv
1e-05,feedback U_1,4,8,-3.141592653589793,0.0,-3.141592653589793,0.9999999589700417,4.102995831978262e-08,0.00020255853122293062,sequences/p_1p000000000000em05__feedback_u_1__eig_04.csv
1e-05,feedback U_1,5,8,-0.9443397806010899,0.0,-0.9443397806010898,0.9999999999954299,4.570122058566994e-12,2.1378431644406083e-06,sequences/p_1p000000000000em05__feedback_u_1__eig_05.csv
1e-05,feedback U_1,6,8,0.94433978060109,0.0,0.9443397806010898,0.9999999999594491,4.055089597443384e-11,6.367947914490449e-06,sequences/p_1p000000000000em05__feedback_u_1__eig_06.csv
1e-05,feedback U_2,0,12,-1.3335623725801444,0.0,-1.3335623725801444,0.9999999999985745,1.425526363618701e-12,1.1938433481843644e-06,sequences/p_1p000000000000em05__feedback_u_2__eig_00.csv
1e-05,feedback U_2,1,10,-0.5644623421270419,0.0,-0.564462342127042,0.9999999999993701,6.299405441723138e-13,7.938635251819036e-07,sequences/p_1p000000000000em05__feedback_u_2__eig_01.csv
1e-05,feedback U_2,3,10,0.5644623421270419,0.0,0.564462342127042,0.9999999999976805,2.319477943046877e-12,1.523072996246759e-06,sequences/p_1p000000000000em05__feedback_u_2__eig_03.csv
1e-05,feedback U_2,4,12,1.3335623725801444,0.0,1.3335623725801442,0.9999999999985083,1.4916956558863603e-12,1.2213406973204952e-06,sequences/p_1p000000000000em05__feedback_u_2__eig_04.csv
1e-05,feedback U_2,5,12,-2.274280484138433,0.0,-2.274280484138433,0.9999999999993936,6.064038160502605e-13,7.785948506211436e-07,sequences/p_1p000000000000em05__feedback_u_2__eig_05.csv
1e-05,feedback U_2,6,10,2.274280484138433,0.0,2.2742804841384334,0.999999999998405,1.5949463971764999e-12,1.262752154407155e-06,sequences/p_1p000000000000em05__feedback_u_2__eig_06.csv
1e-05,feedback U_2,7,10,3.141592653589793,0.0,-3.141592653589793,0.9999999999968046,3.1954439094761256e-12,1.7874790535445058e-06,sequences/p_1p000000000000em05__feedback_u_2__eig_07.csv
1e-05,feedback U_3,1,9,-3.1415559101415154,0.0,-3.1415559101415154,0.999999999998179,1.8209878049901818e-12,1.3494774131408729e-06,sequences/p_1p000000000000em05__feedback_u_3__eig_01.csv
1e-05,feedback U_3,2,9,3.1415559101415154,0.0,3.1415559101415154,0.9999999999990168,9.832135106080386e-13,9.914562418072403e-07,sequences/p_1p000000000000em05__feedback_u_3__eig_02.csv
1e-05,feedback U_3,4,11,3.141574282141215,0.0,3.1415742821412156,0.9999999999983644,1.6355805598777806e-12,1.2788719700725593e-06,sequences/p_1p000000000000em05__feedback_u_3__eig_04.csv
1e-05,feedback U_3,5,11,-3.141574282141215,0.0,-3.141574282141215,0.9999999999997125,2.8754776337791554e-13,5.361588919061328e-07,sequences/p_1p000000000000em05__feedback_u_3__eig_05.csv
1e-05,stage 0 split entangler,8,10,-4.55657487157046e-18,1.5707963267948966,-1.5707963267948966,0.9999999999984492,1.5507595207964187e-12,1.2454292036779983e-06,sequences/p_1p000000000000em05__stage_0_split_entangler__eig_08.csv
1e-05,stage 0 split entangler,9,9,3.8796201036120337e-17,1.5707963267948966,-1.5707963267948966,0.9999999999953662,4.633848860180478e-12,2.152584918499842e-06,sequences/p_1p000000000000em05__stage_0_split_entangler__eig_09.csv
1e-05,stage 1 split entangler,2,10,1.5707963267948968,0.0,1.5707963267948966,0.9999999999985809,1.419087070075875e-12,1.1912778150962825e-06,sequences/p_1p000000000000em05__stage_1_split_entangler__eig_02.csv
1e-05,stage 1 split entangler,4,10,1.570796326794897,0.0,1.5707963267948966,0.9999999999997506,2.4935609133081016e-13,4.993525580083998e-07,sequences/p_1p000000000000em05__stage_1_split_entangler__eig_04.csv
2.1544346900318823e-05,feedback U_0,0,9,-0.0001119549439917114,0.0,-0.00011195494399185435,0.9999915928598619,8.40714013805588e-06,0.0028995099255659405,sequences/p_2p154434690032em05__feedback_u_0__eig_00.csv
2.1544346900318823e-05,feedback U_0,1,9,0.00011195494399171929,0.0,0.00011195494399185435,0.9999999999986813,1.318722908649761e-12,1.148372719285574e-06,sequences/p_2p154434690032em05__feedback_u_0__eig_01.csv
2.1544346900318823e-05,feedback U_0,2,9,5.597566320325318e-05,0.0,5.5975663203255976e-05,0.9999999999982008,1.7992274337075287e-12,1.3413484094167202e-06,sequences/p_2p154434690032em05__feedback_u_0__eig_02.csv
2.1544346900318823e-05,feedback U_0,3,9,-5.5975663203224e-05,0.0,-5.5975663203255976e-05,0.9999999999969396,3.0604407896817065e-12,1.7494547867578838e-06,sequences/p_2p154434690032em05__feedback_u_0__eig_03.csv
2.1544346900318823e-05,feedback U_0,4,9,3.141592653589793,0.0,-3.141592653589793,0.9999999999975622,2.4378277174719187e-12,1.561304629342865e-06,sequences/p_2p154434690032em05__feedback_u_0__eig_04.csv
2.1544346900318823e-05,feedback U_0,6,8,3.141592653589793,0.0,-3.141592653589793,0.999999999994841,5.1589843508281774e-12,2.271351569932017e-06,sequences/p_2p154434690032em05__feedback_u_0__eig_06.csv
2.1544346900318823e-05,feedback U_1,0,8,-3.141592653589793,0.0,-3.141592653589793,0.9999999999978897,2.1103119252074976e-12,1.4528825342692343e-06,sequences/p_2p154434690032em05__feedback_u_1__eig_00.csv
2.1544346900318823e-05,feedback U_1,1,8,-1.1229639298659642,0.0,-1.1229639298659642,0.9999999999946496,5.350386800273554e-12,2.313056159887496e-06,sequences/p_2p154434690032em05__feedback_u_1__eig_01.csv
2.1544346900318823e-05,feedback U_1,2,8,1.122963929865964,0.0,1.1229639298659642,0.9999999999821345,1.7865486867663094e-11,4.2267364464163e-06,sequences/p_2p154434690032em05__feedback_u_1__eig_02.csv
2.1544346900318823e-05,feedback U_1,4,8,3.141592653589793,0.0,-3.141592653589793,0.9999999999895437,1.045630249052465e-11,3.2337150747011894e-06,sequences/p_2p154434690032em05__feedback_u_1__eig_04.csv
2.1544346900318823e-05,feedback U_1,5,8,-0.9163704046405573,0.0,-0.9163704046405572,0.9999999999883562,1.1643797037663717e-11,3.4123125848457538e-06,sequences/p_2p154434690032em05__feedback_u_1__eig_05.csv
2.1544346900318823e-05,feedback U_1,6,8,0.9163704046405573,0.0,0.9163704046405572,0.999999999997268,2.7320368189975852e-12,1.6529204894520413e-06,sequences/p_2p154434690032em05__feedback_u_1__eig_06.csv
2.1544346900318823e-05,feedback U_2,0,9,2.2742804841085675,0.0,2.2742804841085675,0.9999999999893918,1.060818100029337e-11,3.2571123569031646e-06,sequences/p_2p154434690032em05__feedback_u_2__eig_00.csv
2.1544346900318823e-05,feedback U_2,1,9,3.141592653589793,0.0,-3.141592653589793,0.9999999999980687,1.9313439736379223e-12,1.3897506536408292e-06,sequences/p_2p154434690032em05__feedback_u_2__eig_01.csv
2.1544346900318823e-05,feedback U_2,2,9,-2.274280484108567,0.0,-2.274280484108567,0.9999999999966009,3.3990588121923793e-12,1.8436120699053538e-06,sequences/p_2p154434690032em05__feedback_u_2__eig_02.csv
2.1544346900318823e-05,feedback U_2,3,9,1.33356237263746,0.0,1.3335623726374601,0.9999999999985036,1.496358592589786e-12,1.2231496619833263e-06,sequences/p_2p154434690032em05__feedback_u_2__eig_03.csv
2.1544346900318823e-05,feedback U_2,4,9,-1.33356237263746,0.0,-1.33356237263746,0.9999999999923315,7.668532475690881e-12,2.769331113360943e-06,sequences/p_2p154434690032em05__feedback_u_2__eig_04.csv
2.1544346900318823e-05,feedback U_2,5,9,0.5644623420654775,0.0,0.5644623420654775,0.9999999999980462,1.9537704787353505e-12,1.3978078962808245e-06,sequences/p_2p154434690032em05__feedback_u_2__eig_05.csv
2.1544346900318823e-05,feedback U_2,6,9,-0.5644623420654775,0.0,-0.5644623420654775,0.9999999999942701,5.729861030090433e-12,2.3936851582003256e-06,sequences/p_2p154434690032em05__feedback_u_2__eig_06.csv
2.1544346900318823e-05,feedback U_3,1,7,-3.141592653589793,0.0,-3.141592653589793,0.9999999996993347,3.006652704584667e-10,1.7339719030001888e-05,sequences/p_2p154434690032em05__feedback_u_3__eig_01.csv
2.1544346900318823e-05,feedback U_3,2,9,-3.14153667792659,0.0,-3.14153667792659,0.9999999999982008,1.7992274337075287e-12,1.3413483970872625e-06,sequences/p_2p154434690032em05__feedback_u_3__eig_02.csv
2.1544346900318823e-05,feedback U_3,3,9,3.14153667792659,0.0,3.14153667792659,0.9999999999969396,3.0604407896817065e-12,1.7494545666738912e-06,sequences/p_2p154434690032em05__feedback_u_3__eig_03.csv
2.1544346900318823e-05,feedback U_3,5,9,3.141592653589793,0.0,-3.141592653589793,0.9999999999874589,1.2541079286165768e-11,3.5413873599347988e-06,sequences/p_2p154434690032em05__feedback_u_3__eig_05.csv
2.1544346900318823e-05,feedback U_3,6,9,3.141592653589793,0.0,-3.141592653589793,0.9999999999975622,2.4378277174719187e-12,1.561304629342865e-06,sequences/p_2p154434690032em05__feedback_u_3__eig_06.csv
2.1544346900318823e-05,stage 0 split entangler,8,9,-5.001273073630023e-17,1.5707963267948966,-1.5707963267948966,0.9999999999986442,1.3558043576722412e-12,1.1643622733904725e-06,sequences/p_2p154434690032em05__stage_0_split_entangler__eig_08.csv
2.1544346900318823e-05,stage 0 split entangler,9,9,-2.476724201005863e-17,1.5707963267948966,-1.5707963267948966,0.9999999999994038,5.961897642237091e-13,7.723571711852061e-07,sequences/p_2p154434690032em05__stage_0_split_entangler__eig_09.csv
2.1544346900318823e-05,stage 1 split entangler,2,8,1.5707963267948966,0.0,1.5707963267948966,0.9999999999926996,7.30038252072518e-12,2.7019276704383113e-06,sequences/p_2p154434690032em05__stage_1_split_entangler__eig_02.csv
2.1544346900318823e-05,stage 1 split entangler,6,8,1.5707963267948966,0.0,1.5707963267948966,0.999999999994841,5.1589843508281774e-12,2.271351569932017e-06,sequences/p_2p154434690032em05__stage_1_split_entangler__eig_06.csv
4.641588833612782e-05,feedback U_0,0,9,3.141592653589793,0.0,-3.141592653589793,0.9999999999809128,1.9087176283960616e-11,4.3688930300457314e-06,sequences/p_4p641588833613em05__feedback_u_0__eig_00.csv
4.641588833612782e-05,feedback U_0,2,9,0.00012060040291269505,0.0,0.00012060040291261842,0.9999999999985509,1.4490630917407543e-12,1.204047544396365e-06,sequences/p_4p641588833613em05__feedback_u_0__eig_02.csv
4.641588833612782e-05,feedback U_0,3,9,-0.00012060040291270314,0.0,-0.00012060040291261842,0.9999999999975033,2.496669537777052e-12,1.5801082294230064e-06,sequences/p_4p641588833613em05__feedback_u_0__eig_03.csv
4.641588833612782e-05,feedback U_0,6,8,3.141592653589793,0.0,-3.141592653589793,0.9999999999952298,4.7701842476044476e-12,2.1840777290979356e-06,sequences/p_4p641588833613em05__feedback_u_0__eig_06.csv
4.641588833612782e-05,feedback U_1,0,10,-3.141592653589793,0.0,-3.141592653589793,0.9999999999991698,8.302247778146921e-13,9.112897344282082e-07,sequences/p_4p641588833613em05__feedback_u_1__eig_00.csv
4.641588833612782e-05,feedback U_1,1,10,-1.122963929865964,0.0,-1.1229639298659642,0.9999999999983811,1.6189272145084033e-12,1.2724543762438502e-06,sequences/p_4p641588833613em05__feedback_u_1__eig_01.csv
4.641588833612782e-05,feedback U_1,3,10,1.122963929865964,0.0,1.1229639298659642,0.9999999999988971,1.1028955526626305e-12,1.0500948648990684e-06,sequences/p_4p641588833613em05__feedback_u_1__eig_03.csv
4.641588833612782e-05,feedback U_1,4,10,2.357223077397147,0.0,2.3572230773971476,0.99999999999779,2.2100099528188366e-12,1.4865847850862238e-06,sequences/p_4p641588833613em05__feedback_u_1__eig_04.csv
4.641588833612782e-05,feedback U_1,5,10,-2.357223077397147,0.0,-2.357223077397147,0.9999999999983289,1.6711076966657856e-12,1.2926511239179908e-06,sequences/p_4p641588833613em05__feedback_u_1__eig_05.csv
4.641588833612782e-05,feedback U_1,6,10,0.27579633533306835,0.0,0.2757963353330686,0.9999999999983051,1.694866469392764e-12,1.3020786447626452e-06,sequences/p_4p641588833613em05__feedback_u_1__eig_06.csv
4.641588833612782e-05,feedback U_1,7,10,-0.27579633533306824,0.0,-0.27579633533306813,0.9999999999984421,1.5578649481540197e-12,1.248216801263139e-06,sequences/p_4p641588833613em05__feedback_u_1__eig_07.csv
4.641588833612782e-05,feedback U_2,0,10,-2.274280484112658,0.0,-2.274280484112658,0.9999999999992126,7.87370169064161e-13,8.874181354806011e-07,sequences/p_4p641588833613em05__feedback_u_2__eig_00.csv
4.641588833612782e-05,feedback U_2,1,10,-3.141592653589793,0.0,-3.141592653589793,0.9999999999978322,2.1678214778830807e-12,1.4725042935697934e-06,sequences/p_4p641588833613em05__feedback_u_2__eig_01.csv
4.641588833612782e-05,feedback U_2,2,10,-1.3335623726296095,0.0,-1.3335623726296095,0.9999999999983824,1.617594946878853e-12,1.271974084001147e-06,sequences/p_4p641588833613em05__feedback_u_2__eig_02.csv
4.641588833612782e-05,feedback U_2,3,10,2.274280484112658,0.0,2.2742804841126585,0.9999999999979996,2.000399845769607e-12,1.4144186536968135e-06,sequences/p_4p641588833613em05__feedback_u_2__eig_03.csv
4.641588833612782e-05,feedback U_2,4,10,-0.5644623420739098,0.0,-0.5644623420739099,0.9999999999972611,2.738920201750261e-12,1.655001892647603e-06,sequences/p_4p641588833613em05__feedback_u_2__eig_04.csv
4.641588833612782e-05,feedback U_2,6,10,0.5644623420739099,0.0,0.5644623420739099,0.999999999999696,3.0397906414236786e-13,5.515670529923987e-07,sequences/p_4p641588833613em05__feedback_u_2__eig_06.csv
4.641588833612782e-05,feedback U_2,7,10,1.3335623726296095,0.0,1.3335623726296095,0.9999999999987605,1.2394529846915248e-12,1.1132710246393078e-06,sequences/p_4p641588833613em05__feedback_u_2__eig_07.csv
4.641588833612782e-05,feedback U_3,0,9,3.141351435993568,0.0,3.1413514359935686,0.9999999999993712,6.288303211476887e-13,7.93199070458254e-07,sequences/p_4p641588833613em05__feedback_u_3__eig_00.csv
4.641588833612782e-05,feedback U_3,1,9,-3.141351435993568,0.0,-3.141351435993568,0.9999999999955633,4.4366732510070506e-12,2.1063496578354016e-06,sequences/p_4p641588833613em05__feedback_u_3__eig_01.csv
4.641588833612782e-05,feedback U_3,2,11,3.1414720531868805,0.0,3.141472053186881,0.9999999999984301,1.5698553568199713e-12,1.2529612337680765e-06,sequences/p_4p641588833613em05__feedback_u_3__eig_02.csv
4.641588833612782e-05,feedback U_3,3,11,-3.1414720531868805,0.0,-3.1414720531868805,0.9999999999993339,6.661338147750939e-13,8.162349185432841e-07,sequences/p_4p641588833613em05__feedback_u_3__eig_03.csv
4.641588833612782e-05,stage 0 split entangler,8,7,-8.376600946795968e-20,1.5707963267948966,-1.5707963267948966,0.9999999999760958,2.3904211943204245e-11,4.889205628002859e-06,sequences/p_4p641588833613em05__stage_0_split_entangler__eig_08.csv
4.641588833612782e-05,stage 0 split entangler,9,9,3.059692096910181e-17,1.5707963267948966,-1.5707963267948966,0.9999999999979556,2.0443646775447633e-12,1.4299652679887083e-06,sequences/p_4p641588833613em05__stage_0_split_entangler__eig_09.csv
4.641588833612782e-05,stage 1 split entangler,3,8,1.5707963267948966,0.0,1.5707963267948966,0.9999999990046762,9.953238233606498e-10,3.1548754227475685e-05,sequences/p_4p641588833613em05__stage_1_split_entangler__eig_03.csv
4.641588833612782e-05,stage 1 split entangler,6,8,1.5707963267948966,0.0,1.5707963267948966,0.9999999999952298,4.7701842476044476e-12,2.1840777290979356e-06,sequences/p_4p641588833613em05__stage_1_split_entangler__eig_06.csv
0.0001,feedback U_0,0,9,3.141592653589793,0.0,-3.141592653589793,0.9999999999983389,1.6611156894441592e-12,1.2887555938264882e-06,sequences/p_1p000000000000em04__feedback_u_0__eig_00.csv
0.0001,feedback U_0,1,9,0.0003675335539362997,0.0,0.0003675335539363722,0.9999999999986393,1.3606893389805919e-12,1.166570809570993e-06,sequences/p_1p000000000000em04__feedback_u_0__eig_01.csv
0.0001,feedback U_0,2,9,-0.0003675335539362788,0.0,-0.0003675335539363722,0.9999999999967419,3.2580604880649844e-12,1.8050917211900456e-06,sequences/p_1p000000000000em04__feedback_u_0__eig_02.csv
0.0001,feedback U_0,4,9,3.141592653589793,0.0,-3.141592653589793,0.9999999999458835,5.4116489067723705e-11,7.3564086095311665e-06,sequences/p_1p000000000000em04__feedback_u_0__eig_04.csv
0.0001,feedback U_1,0,8,-3.141592653589793,0.0,-3.141592653589793,0.9999999999980778,1.922240144835996e-12,1.3865886324001899e-06,sequences/p_1p000000000000em04__feedback_u_1__eig_00.csv
0.0001,feedback U_1,1,8,-1.122963929865964,0.0,-1.1229639298659642,0.9999999999953071,4.692912725090537e-12,2.166309511779347e-06,sequences/p_1p000000000000em04__feedback_u_1__eig_01.csv
0.0001,feedback U_1,3,8,1.122963929865964,0.0,1.1229639298659642,0.9999999986510386,1.3489613870376616e-09,3.6728208363433134e-05,sequences/p_1p000000000000em04__feedback_u_1__eig_03.csv
0.0001,feedback U_1,4,8,2.251945390822961,0.0,2.2519453908229607,0.9999999999883311,1.1668888078020245e-11,3.415977405916069e-06,sequences/p_1p000000000000em04__feedback_u_1__eig_04.csv
0.0001,feedback U_1,5,8,-2.2519453908229616,0.0,-2.2519453908229616,0.9999999999983669,1.6331380692236053e-12,1.277948400131265e-06,sequences/p_1p000000000000em04__feedback_u_1__eig_05.csv
0.0001,feedback U_1,6,8,0.5518563586276236,0.0,0.5518563586276235,0.9999999999947438,5.256239887785341e-12,2.292746069283193e-06,sequences/p_1p000000000000em04__feedback_u_1__eig_06.csv
0.0001,feedback U_1,7,8,-0.5518563586276237,0.0,-0.5518563586276235,0.9999999999981117,1.8882673202824662e-12,1.374093602971781e-06,sequences/p_1p000000000000em04__feedback_u_1__eig_07.csv
0.0001,feedback U_2,0,7,-3.141592653589793,0.0,-3.141592653589793,0.999999991770588,8.229412040705597e-09,9.07161080090943e-05,sequences/p_1p000000000000em04__feedback_u_2__eig_00.csv
0.0001,feedback U_2,1,7,2.2742804841232167,0.0,2.274280484123217,0.9999999999960392,3.9608316626527085e-12,1.9902242051250352e-06,sequences/p_1p000000000000em04__feedback_u_2__eig_01.csv
0.0001,feedback U_2,2,7,-2.2742804841232167,0.0,-2.2742804841232167,0.9999999999936158,6.3842264808045e-12,2.5267314222563606e-06,sequences/p_1p000000000000em04__feedback_u_2__eig_02.csv
0.0001,feedback U_2,3,7,1.3335623726093464,0.0,1.3335623726093466,0.9999999999870244,1.2975620578004055e-11,3.6022185904896967e-06,sequences/p_1p000000000000em04__feedback_u_2__eig_03.csv
0.0001,feedback U_2,4,7,-1.3335623726093464,0.0,-1.3335623726093464,0.999997440511484,2.5594885160185044e-06,0.0015998406650975492,sequences/p_1p000000000000em04__feedback_u_2__eig_04.csv
0.0001,feedback U_2,5,10,-0.5644623420956751,0.0,-0.5644623420956751,0.9999999999986935,1.3065104553788842e-12,1.1432034227913044e-06,sequences/p_1p000000000000em04__feedback_u_2__eig_05.csv
0.0001,feedback U_2,6,7,0.5644623420956753,0.0,0.5644623420956751,0.9999999999887637,1.1236345187626284e-11,3.3520250394442456e-06,sequences/p_1p000000000000em04__feedback_u_2__eig_06.csv
0.0001,feedback U_3,1,11,-3.141225120035857,0.0,-3.141225120035857,0.9999999999989913,1.0087486401744172e-12,1.0044790134642434e-06,sequences/p_1p000000000000em04__feedback_u_3__eig_01.csv
0.0001,feedback U_3,2,11,3.141225120035857,0.0,3.141225120035857,0.999999999999621,3.7903014060702844e-13,6.157268261429614e-07,sequences/p_1p000000000000em04__feedback_u_3__eig_02.csv
0.0001,feedback U_3,4,9,3.1414089143625836,0.0,3.141408914362584,0.999999999997577,2.4229507289419416e-12,1.5567253920806353e-06,sequences/p_1p000000000000em04__feedback_u_3__eig_04.csv
0.0001,feedback U_3,5,9,-3.1414089143625836,0.0,-3.1414089143625836,0.9999999999969287,3.071320975323033e-12,1.7525400287707933e-06,sequences/p_1p000000000000em04__feedback_u_3__eig_05.csv
0.0001,stage 0 split entangler,8,10,-4.328032447199613e-17,1.5707963267948966,-1.5707963267948966,0.9999999999993678,6.321609902215641e-13,7.950543400655769e-07,sequences/p_1p000000000000em04__stage_0_split_entangler__eig_08.csv
0.0001,stage 0 split entangler,9,11,-1.2188437632599865e-17,1.5707963267948966,-1.5707963267948966,0.9999999999992322,7.678302438307583e-13,8.765006520548881e-07,sequences/p_1p000000000000em04__stage_0_split_entangler__eig_09.csv
0.0001,stage 1 split entangler,1,10,1.5707963267948968,0.0,1.5707963267948966,0.9999999999977442,2.255751141433393e-12,1.5019369518349954e-06,sequences/p_1p000000000000em04__stage_1_split_entangler__eig_01.csv
0.0001,stage 1 split entangler,5,10,1.5707963267948966,0.0,1.5707963267948966,0.99999999999534,4.660050123561632e-12,2.158759948433938e-06,sequences/p_1p000000000000em04__stage_1_split_entangler__eig_05.csv
0.00021544346900318823,feedback U_0,0,9,0.0011201987794497888,0.0,0.0011201987794495771,0.9999999999994229,5.770939282001564e-13,7.598611356838881e-07,sequences/p_2p154434690032em04__feedback_u_0__eig_00.csv
0.00021544346900318823,feedback U_0,1,9,-0.001120198779449802,0.0,-0.0011201987794500212,0.9999999999969518,3.0482283364108298e-12,1.7458680470196922e-06,sequences/p_2p154434690032em04__feedback_u_0__eig_01.csv
0.00021544346900318823,feedback U_0,2,9,1.5707963267948966,0.0,1.5707963267948966,0.9999999999933786,6.621370118864434e-12,2.5731916946013336e-06,sequences/p_2p154434690032em04__feedback_u_0__eig_02.csv
0.00021544346900318823,feedback U_0,3,9,-1.5707963267948966,0.0,-1.5707963267948966,0.999999999318929,6.810709773930057e-10,2.6097330278439083e-05,sequences/p_2p154434690032em04__feedback_u_0__eig_03.csv
0.00021544346900318823,feedback U_0,4,9,3.141592653589793,0.0,-3.141592653589793,0.9999999999949061,5.093925281585143e-12,2.25703099041444e-06,sequences/p_2p154434690032em04__feedback_u_0__eig_04.csv
0.00021544346900318823,feedback U_0,5,9,-0.0003959222294229783,0.0,-0.00039592222942319566,0.9999999999986986,1.3014034294656085e-12,1.14094813533782e-06,sequences/p_2p154434690032em04__feedback_u_0__eig_05.csv
0.00021544346900318823,feedback U_0,6,9,0.00039592222942297475,0.0,0.00039592222942319566,0.9999999999943663,5.633715716157894e-12,2.373536874870718e-06,sequences/p_2p154434690032em04__feedback_u_0__eig_06.csv
0.00021544346900318823,feedback U_1,0,8,-3.141592653589793,0.0,-3.141592653589793,0.9999999999981461,1.8538504065190864e-12,1.3617250367626856e-06,sequences/p_2p154434690032em04__feedback_u_1__eig_00.csv
0.00021544346900318823,feedback U_1,1,8,-1.122963929865964,0.0,-1.1229639298659642,0.9999999999954203,4.579669976578771e-12,2.1400656052954423e-06,sequences/p_2p154434690032em04__feedback_u_1__eig_01.csv
0.00021544346900318823,feedback U_1,3,8,1.122963929865964,0.0,1.1229639298659642,0.999999999959861,4.013900323229791e-11,6.3354962999421666e-06,sequences/p_2p154434690032em04__feedback_u_1__eig_03.csv
0.00021544346900318823,feedback U_1,4,8,-3.141592653589793,0.0,-3.141592653589793,0.9999999999903002,9.699796521545068e-12,3.1144439835857345e-06,sequences/p_2p154434690032em04__feedback_u_1__eig_04.csv
0.00021544346900318823,feedback U_1,5,8,-0.9162569630770588,0.0,-0.9162569630770587,0.9999999999990201,9.798828415341632e-13,9.900490025582806e-07,sequences/p_2p154434690032em04__feedback_u_1__eig_05.csv
0.00021544346900318823,feedback U_1,6,8,0.9162569630770587,0.0,0.9162569630770587,0.9999999999992266,7.73381358953884e-13,8.794789311152868e-07,sequences/p_2p154434690032em04__feedback_u_1__eig_06.csv
0.00021544346900318823,feedback U_2,0,10,-1.333562372610238,0.0,-1.333562372610238,0.9999999999981399,1.8600676554569873e-12,1.363856759881213e-06,sequences/p_2p154434690032em04__feedback_u_2__eig_00.csv
0.00021544346900318823,feedback U_2,1,10,-0.5644623420947174,0.0,-0.5644623420947172,0.9999999999989351,1.0649259252204502e-12,1.0319098936748636e-06,sequences/p_2p154434690032em04__feedback_u_2__eig_01.csv
0.00021544346900318823,feedback U_2,3,10,0.5644623420947175,0.0,0.5644623420947177,0.9999999999951767,4.82325290818153e-12,2.1962057622634334e-06,sequences/p_2p154434690032em04__feedback_u_2__eig_03.csv
0.00021544346900318823,feedback U_2,4,10,1.3335623726102381,0.0,1.3335623726102384,0.9999999999976401,2.3598900611432327e-12,1.5363531756238195e-06,sequences/p_2p154434690032em04__feedback_u_2__eig_04.csv
0.00021544346900318823,feedback U_2,5,10,-2.274280484122752,0.0,-2.274280484122752,0.9999999999992444,7.556177905598815e-13,8.694783459765028e-07,sequences/p_2p154434690032em04__feedback_u_2__eig_05.csv
0.00021544346900318823,feedback U_2,6,10,2.274280484122752,0.0,2.2742804841227517,0.9999999999992071,7.929212841872868e-13,8.905694644423869e-07,sequences/p_2p154434690032em04__feedback_u_2__eig_06.csv
0.00021544346900318823,feedback U_2,7,10,3.141592653589793,0.0,-3.141592653589793,0.9999999999994575,5.424549698318515e-13,7.364617977674759e-07,sequences/p_2p154434690032em04__feedback_u_2__eig_07.csv
0.00021544346900318823,feedback U_3,1,11,-3.1408005534572747,0.0,-3.1408005534572747,0.9999999999995877,4.1233683134578314e-13,6.42439939373043e-07,sequences/p_2p154434690032em04__feedback_u_3__eig_01.csv
0.00021544346900318823,feedback U_3,2,11,3.1408005534572747,0.0,3.140800553457275,0.9999999999989426,1.057376408652999e-12,1.0283640712725908e-06,sequences/p_2p154434690032em04__feedback_u_3__eig_02.csv
0.00021544346900318823,feedback U_3,3,9,3.141592653589793,0.0,-3.141592653589793,0.9999999999989237,1.0762502000716268e-12,1.03753011404841e-06,sequences/p_2p154434690032em04__feedback_u_3__eig_03.csv
0.00021544346900318823,feedback U_3,6,10,3.141592653589793,0.0,-3.141592653589793,0.9999999999993565,6.434852650727407e-13,8.023163594734454e-07,sequences/p_2p154434690032em04__feedback_u_3__eig_06.csv
0.00021544346900318823,stage 0 split entangler,8,7,6.133408041251109e-18,1.5707963267948966,-1.5707963267948966,0.9999999994171278,5.828721949541205e-10,2.4142751326421803e-05,sequences/p_2p154434690032em04__stage_0_split_entangler__eig_08.csv
0.00021544346900318823,stage 0 split entangler,9,9,1.9811864242959323e-17,1.5707963267948966,-1.5707963267948966,0.9999999999984412,1.5587531265737198e-12,1.2486346810348805e-06,sequences/p_2p154434690032em04__stage_0_split_entangler__eig_09.csv
0.00021544346900318823,stage 1 split entangler,1,8,1.5707963267948966,0.0,1.5707963267948966,0.9999999999946789,5.32107691242345e-12,2.30680223260931e-06,sequences/p_2p154434690032em04__stage_1_split_entangler__eig_01.csv
0.00021544346900318823,stage 1 split entangler,4,8,1.5707963267948966,0.0,1.5707963267948966,0.9999999999436995,5.6300519801766313e-11,7.503377507887389e-06,sequences/p_2p154434690032em04__stage_1_split_entangler__eig_04.csv
0.00046415888336127773,feedback U_0,0,9,-0.0024151799140600997,0.0,-0.0024151799140601504,0.9999999999916853,8.314682276022722e-12,2.8835222129363294e-06,sequences/p_4p641588833613em04__feedback_u_0__eig_00.csv
0.00046415888336127773,feedback U_0,1,9,0.0024151799140600927,0.0,0.0024151799140601504,0.9999999891170257,1.0882974299519788e-08,0.00010432149523214553,sequences/p_4p641588833613em04__feedback_u_0__eig_01.csv
0.00046415888336127773,feedback U_0,2,9,3.141592653589793,0.0,-3.141592653589793,0.9999999999981815,1.8185453143360064e-12,1.348497674678887e-06,sequences/p_4p641588833613em04__feedback_u_0__eig_02.csv
0.00046415888336127773,feedback U_0,4,9,3.141592653589793,0.0,-3.141592653589793,0.9999999999970197,2.9802826873037702e-12,1.7263555622324532e-06,sequences/p_4p641588833613em04__feedback_u_0__eig_04.csv
0.00046415888336127773,feedback U_1,0,8,-3.141592653589793,0.0,-3.141592653589793,0.9999999999981983,1.801669924361704e-12,1.3423324353361695e-06,sequences/p_4p641588833613em04__feedback_u_1__eig_00.csv
0.00046415888336127773,feedback U_1,1,8,-1.122963929865964,0.0,-1.1229639298659642,0.9999999999954985,4.50151027564516e-12,2.121722115705397e-06,sequences/p_4p641588833613em04__feedback_u_1__eig_01.csv
0.00046415888336127773,feedback U_1,3,8,1.122963929865964,0.0,1.1229639298659642,0.9999999999607603,3.923972258235153e-11,6.264170760602964e-06,sequences/p_4p641588833613em04__feedback_u_1__eig_03.csv
0.00046415888336127773,feedback U_1,4,8,2.3211682907470554,0.0,2.321168290747055,0.9999999999907538,9.246159393683229e-12,3.0408000461576613e-06,sequences/p_4p641588833613em04__feedback_u_1__eig_04.csv
0.00046415888336127773,feedback U_1,5,8,-2.3211682907470554,0.0,-2.3211682907470554,0.9999999999925184,7.481570918344005e-12,2.7352720656918685e-06,sequences/p_4p641588833613em04__feedback_u_1__eig_05.csv
0.00046415888336127773,feedback U_1,6,8,0.35550546679725137,0.0,0.3555054667972515,0.9999999999693572,3.0642821613469096e-11,5.535636420985348e-06,sequences/p_4p641588833613em04__feedback_u_1__eig_06.csv
0.00046415888336127773,feedback U_1,7,8,-0.35550546679725137,0.0,-0.3555054667972515,0.9999999999745992,2.5400792580398956e-11,5.039966626060582e-06,sequences/p_4p641588833613em04__feedback_u_1__eig_07.csv
0.00046415888336127773,feedback U_2,0,10,-2.346028233976402,0.0,-2.346028233976402,0.9999999999993323,6.676881270095691e-13,8.17146475605159e-07,sequences/p_4p641588833613em04__feedback_u_2__eig_00.csv
0.00046415888336127773,feedback U_2,1,10,3.141592653589793,0.0,-3.141592653589793,0.9999999999981213,1.87871940227069e-12,1.3705352967627798e-06,sequences/p_4p641588833613em04__feedback_u_2__eig_01.csv
0.00046415888336127773,feedback U_2,2,10,2.346028233976402,0.0,2.3460282339764014,0.9999999999979503,2.049693748062964e-12,1.4316655034249603e-06,sequences/p_4p641588833613em04__feedback_u_2__eig_02.csv
0.00046415888336127773,feedback U_2,3,10,-1.160147927249802,0.0,-1.160147927249802,0.999999999998556,1.4439560658274786e-12,1.2016508554780224e-06,sequences/p_4p641588833613em04__feedback_u_2__eig_03.csv
0.00046415888336127773,feedback U_2,5,10,-0.7470588061762041,0.0,-0.747058806176204,0.9999999999985085,1.4914736112814353e-12,1.221316695112189e-06,sequences/p_4p641588833613em04__feedback_u_2__eig_05.csv
0.00046415888336127773,feedback U_2,6,10,0.7470588061762041,0.0,0.747058806176204,0.9999999999993168,6.832312493543213e-13,8.268286014728947e-07,sequences/p_4p641588833613em04__feedback_u_2__eig_06.csv
0.00046415888336127773,feedback U_2,7,10,1.160147927249802,0.0,1.1601479272498025,0.999999999999664,3.3595348725157237e-13,5.79356193497905e-07,sequences/p_4p641588833613em04__feedback_u_2__eig_07.csv
0.00046415888336127773,feedback U_3,0,11,3.1391774736757334,0.0,3.1391774736757334,0.9999999999989233,1.0766942892814768e-12,1.0376074562982896e-06,sequences/p_4p641588833613em04__feedback_u_3__eig_00.csv
0.00046415888336127773,feedback U_3,1,11,-3.1391774736757334,0.0,-3.1391774736757334,0.9999999999991174,8.826273045769994e-13,9.396040802092106e-07,sequences/p_4p641588833613em04__feedback_u_3__eig_01.csv
0.00046415888336127773,feedback U_3,2,11,3.1403859023472505,0.0,3.1403859023472505,0.9999999999998208,1.7918999617450027e-13,4.239480306636424e-07,sequences/p_4p641588833613em04__feedback_u_3__eig_02.csv
0.00046415888336127773,feedback U_3,3,9,-3.1403859023472505,0.0,-3.1403859023472505,0.9999999999991762,8.237854842718662e-13,9.080719403487389e-07,sequences/p_4p641588833613em04__feedback_u_3__eig_03.csv
0.00046415888336127773,feedback U_3,5,9,3.141592653589793,0.0,-3.141592653589793,0.9999999999995204,4.796163466380676e-13,6.924662806885269e-07,sequences/p_4p641588833613em04__feedback_u_3__eig_05.csv
0.00046415888336127773,stage 0 split entangler,8,10,-3.743757331362944e-18,1.5707963267948966,-1.5707963267948966,0.9999999999996538,3.461675390781238e-13,5.883491906153608e-07,sequences/p_4p641588833613em04__stage_0_split_entangler__eig_08.csv
0.00046415888336127773,stage 0 split entangler,9,11,-3.2418317130213152e-18,1.5707963267948966,-1.5707963267948966,0.9999999999984253,1.574740338128322e-12,1.2548570388465883e-06,sequences/p_4p641588833613em04__stage_0_split_entangler__eig_09.csv
0.00046415888336127773,stage 1 split entangler,3,8,1.5707963267948966,0.0,1.5707963267948966,0.9999999999963882,3.6117775437105593e-12,1.9004685456291896e-06,sequences/p_4p641588833613em04__stage_1_split_entangler__eig_03.csv
0.00046415888336127773,stage 1 split entangler,6,8,1.5707963267948966,0.0,1.5707963267948966,0.999999999994841,5.1589843508281774e-12,2.271351569932017e-06,sequences/p_4p641588833613em04__stage_1_split_entangler__eig_06.csv
0.001,feedback U_0,0,9,-0.0052115512840047815,0.0,-0.005211551284004745,0.9999999999940326,5.9674487573602164e-12,2.442820554198633e-06,sequences/p_1p000000000000em03__feedback_u_0__eig_00.csv
0.001,feedback U_0,1,9,0.005211551284004801,0.0,0.005211551284004745,0.9999999999443014,5.5698556877814553e-11,7.463141932191741e-06,sequences/p_1p000000000000em03__feedback_u_0__eig_01.csv
0.001,feedback U_0,2,9,3.141592653589793,0.0,-3.141592653589793,0.99999999999829,1.7099655025276661e-12,1.3076017974673424e-06,sequences/p_1p000000000000em03__feedback_u_0__eig_02.csv
0.001,feedback U_0,4,9,3.141592653589793,0.0,-3.141592653589793,0.9999999999985443,1.4557244298885053e-12,1.206522470954387e-06,sequences/p_1p000000000000em03__feedback_u_0__eig_04.csv
0.001,feedback U_1,0,8,-3.141592653589793,0.0,-3.141592653589793,0.9999999999982487,1.751265799043722e-12,1.3235003991181964e-06,sequences/p_1p000000000000em03__feedback_u_1__eig_00.csv
0.001,feedback U_1,1,8,-1.122963929865964,0.0,-1.1229639298659642,0.9999999999980433,1.956657058599376e-12,1.3988690958151473e-06,sequences/p_1p000000000000em03__feedback_u_1__eig_01.csv
0.001,feedback U_1,3,8,1.122963929865964,0.0,1.1229639298659642,0.9999999999610951,3.8904879318124586e-11,6.237389035806823e-06,sequences/p_1p000000000000em03__feedback_u_1__eig_03.csv
0.001,feedback U_1,4,8,3.141592653589793,0.0,-3.141592653589793,0.9999999999978788,2.121192110848824e-12,1.456569253940187e-06,sequences/p_1p000000000000em03__feedback_u_1__eig_04.csv
0.001,feedback U_1,5,8,-1.2607227017540041,0.0,-1.2607227017540041,0.9999999999939417,6.058265000774554e-12,2.4613415159266472e-06,sequences/p_1p000000000000em03__feedback_u_1__eig_05.csv
0.001,feedback U_1,6,8,1.2607227017540041,0.0,1.2607227017540037,0.9999999999920381,7.961853398796848e-12,2.8216998083621597e-06,sequences/p_1p000000000000em03__feedback_u_1__eig_06.csv
0.001,feedback U_2,0,7,-2.3460282339764036,0.0,-2.3460282339764036,0.9999999999457407,5.42592637486905e-11,7.366087382811259e-06,sequences/p_1p000000000000em03__feedback_u_2__eig_00.csv
0.001,feedback U_2,1,7,3.141592653589793,0.0,-3.141592653589793,0.999999999971507,2.8492985748584942e-11,5.33795265483622e-06,sequences/p_1p000000000000em03__feedback_u_2__eig_01.csv
0.001,feedback U_2,2,7,2.3460282339764036,0.0,2.346028233976403,0.9999999998876701,1.1232992314091916e-10,1.0598606091240214e-05,sequences/p_1p000000000000em03__feedback_u_2__eig_02.csv
0.001,feedback U_2,3,7,-1.1601479272497965,0.0,-1.1601479272497965,0.9999999999946394,5.360600852100106e-12,2.315307546171199e-06,sequences/p_1p000000000000em03__feedback_u_2__eig_03.csv
0.001,feedback U_2,5,7,-0.74705880617621,0.0,-0.7470588061762102,0.9999999999930744,6.9255712276117265e-12,2.6316851440427168e-06,sequences/p_1p000000000000em03__feedback_u_2__eig_05.csv
0.001,feedback U_2,6,7,0.74705880617621,0.0,0.7470588061762102,0.9999999999670122,3.298783468608235e-11,5.743499193901677e-06,sequences/p_1p000000000000em03__feedback_u_2__eig_06.csv
0.001,feedback U_2,7,7,1.1601479272497965,0.0,1.1601479272497963,0.9999999999323843,6.761569082414098e-11,8.222888513973895e-06,sequences/p_1p000000000000em03__feedback_u_2__eig_07.csv
0.001,feedback U_3,1,9,3.141592653589793,0.0,-3.141592653589793,0.9999999880560981,1.1943901867539353e-08,0.00010928816087284634,sequences/p_1p000000000000em03__feedback_u_3__eig_01.csv
0.001,feedback U_3,2,9,-3.138990765937938,0.0,-3.138990765937938,0.9999999999926075,7.392531031769067e-12,2.7188897345435874e-06,sequences/p_1p000000000000em03__feedback_u_3__eig_02.csv
0.001,feedback U_3,3,7,3.138990765937938,0.0,3.1389907659379386,0.999999999902961,9.703904346736181e-11,9.850825585492997e-06,sequences/p_1p000000000000em03__feedback_u_3__eig_03.csv
0.001,feedback U_3,4,9,3.141592653589793,0.0,-3.141592653589793,0.9999999999985443,1.4557244298885053e-12,1.206522470954387e-06,sequences/p_1p000000000000em03__feedback_u_3__eig_04.csv
0.001,stage 0 split entangler,8,10,1.4175696365862886e-06,1.5707963267948966,-1.57079490922526,0.9999999999988058,1.1941558852868184e-12,1.0929240954429377e-06,sequences/p_1p000000000000em03__stage_0_split_entangler__eig_08.csv
0.001,stage 0 split entangler,9,11,-4.1021293792199923e-17,1.5707963267948966,-1.5707963267948966,0.999999999999601,3.9901415505028126e-13,6.31860796361073e-07,sequences/p_1p000000000000em03__stage_0_split_entangler__eig_09.csv
0.001,stage 1 split entangler,1,10,1.5707963267948968,0.0,1.5707963267948966,0.9999999999897593,1.0240697179142444e-11,3.2001890707185934e-06,sequences/p_1p000000000000em03__stage_1_split_entangler__eig_01.csv
0.001,stage 1 split entangler,2,10,1.5707963267948968,0.0,1.5707963267948966,0.9999999999984626,1.5374368445009168e-12,1.2401340764066253e-06,sequences/p_1p000000000000em03__stage_1_split_entangler__eig_02.csv
0.001,stage 1 split entangler,5,10,1.5707963267948968,0.0,1.5707963267948966,0.9999999999993807,6.192824031359123e-13,7.86905970887904e-07,sequences/p_1p000000000000em03__stage_1_split_entangler__eig_05.csv
0.001,stage 2 split entangler,1,10,1.5707963267961031,0.0,1.5707963267961027,0.9999999999995102,4.898303984646191e-13,6.999780339339521e-07,sequences/p_1p000000000000em03__stage_2_split_entangler__eig_01.csv
0.002154434690031882,feedback U_0,0,9,-0.011279515968103901,0.0,-0.011279515968103837,0.9999999999963824,3.61755070343861e-12,1.9019972054849783e-06,sequences/p_2p154434690032em03__feedback_u_0__eig_00.csv
0.002154434690031882,feedback U_0,1,9,0.01127951596810387,0.0,0.011279515968103837,0.9999999999751876,2.4812374377347624e-11,4.981202002192785e-06,sequences/p_2p154434690032em03__feedback_u_0__eig_01.csv
0.002154434690031882,feedback U_0,2,9,-0.00562019847988973,0.0,-0.005620198479889815,0.999999999998642,1.3580248037214915e-12,1.1654009867842573e-06,sequences/p_2p154434690032em03__feedback_u_0__eig_02.csv
0.002154434690031882,feedback U_0,3,9,0.005620198479889717,0.0,0.005620198479889815,0.9999999999958487,4.151345933678385e-12,2.037534730115971e-06,sequences/p_2p154434690032em03__feedback_u_0__eig_03.csv
0.002154434690031882,feedback U_0,4,9,3.141592653589793,0.0,-3.141592653589793,0.9999999999989795,1.0205170042354439e-12,1.0102597754209245e-06,sequences/p_2p154434690032em03__feedback_u_0__eig_04.csv
0.002154434690031882,feedback U_0,6,9,3.141592653589793,0.0,-3.141592653589793,0.9999999999986915,1.3085088568232095e-12,1.1438896374771783e-06,sequences/p_2p154434690032em03__feedback_u_0__eig_06.csv
0.002154434690031882,feedback U_1,0,10,-3.141592653589793,0.0,-3.141592653589793,0.9999999999983569,1.6431300764452317e-12,1.2818553037013523e-06,sequences/p_2p154434690032em03__feedback_u_1__eig_00.csv
0.002154434690031882,feedback U_1,1,10,-1.1229639298659642,0.0,-1.1229639298659642,0.9999999999991174,8.826273045769994e-13,9.396736802791731e-07,sequences/p_2p154434690032em03__feedback_u_1__eig_01.csv
0.002154434690031882,feedback U_1,2,10,1.122963929865964,0.0,1.1229639298659642,0.9999999999991038,8.961720254774264e-13,9.466564448523708e-07,sequences/p_2p154434690032em03__feedback_u_1__eig_02.csv
0.002154434690031882,feedback U_1,4,10,-3.141592653589793,0.0,-3.141592653589793,0.9999999999994722,5.278000259067994e-13,7.266696761956754e-07,sequences/p_2p154434690032em03__feedback_u_1__eig_04.csv
0.002154434690031882,feedback U_1,5,10,-1.0134035379458368,0.0,-1.0134035379458366,0.9999999999993949,6.050715484207103e-13,7.783163735360661e-07,sequences/p_2p154434690032em03__feedback_u_1__eig_05.csv
0.002154434690031882,feedback U_1,7,10,1.0134035379458368,0.0,1.0134035379458366,0.999999999998751,1.2490009027033011e-12,1.1176268540743804e-06,sequences/p_2p154434690032em03__feedback_u_1__eig_07.csv
0.002154434690031882,feedback U_2,0,9,1.3335623726095123,0.0,1.3335623726095118,0.9999999999967819,3.2180924591784787e-12,1.793933062494606e-06,sequences/p_2p154434690032em03__feedback_u_2__eig_00.csv
0.002154434690031882,feedback U_2,1,9,0.5644623420954971,0.0,0.5644623420954971,0.9999999999973679,2.632116746781321e-12,1.6223508222716172e-06,sequences/p_2p154434690032em03__feedback_u_2__eig_01.csv
0.002154434690031882,feedback U_2,3,9,-0.5644623420954973,0.0,-0.5644623420954975,0.9999999999963223,3.6777247913732936e-12,1.9176156029217613e-06,sequences/p_2p154434690032em03__feedback_u_2__eig_03.csv
0.002154434690031882,feedback U_2,4,9,-1.3335623726095123,0.0,-1.3335623726095123,0.9999999999983138,1.6862067298006878e-12,1.298563096486812e-06,sequences/p_2p154434690032em03__feedback_u_2__eig_04.csv
0.002154434690031882,feedback U_2,5,9,2.27428048412313,0.0,2.27428048412313,0.999999999994682,5.3179682879545e-12,2.3060998420131234e-06,sequences/p_2p154434690032em03__feedback_u_2__eig_05.csv
0.002154434690031882,feedback U_2,6,9,-2.27428048412313,0.0,-2.27428048412313,0.9999999999995193,4.807265696626928e-13,6.935883582098161e-07,sequences/p_2p154434690032em03__feedback_u_2__eig_06.csv
0.002154434690031882,feedback U_2,7,9,3.141592653589793,0.0,-3.141592653589793,0.9999999999992251,7.749356711883593e-13,8.802507940761767e-07,sequences/p_2p154434690032em03__feedback_u_2__eig_07.csv
0.002154434690031882,feedback U_3,1,11,3.141592653589793,0.0,-3.141592653589793,0.9999999999984373,1.5627499294623703e-12,1.2501884138055454e-06,sequences/p_2p154434690032em03__feedback_u_3__eig_01.csv
0.002154434690031882,feedback U_3,2,11,-1.576416527100248,0.0,-1.576416527100248,0.9999999999988174,1.1826095658307167e-12,1.0874790995382097e-06,sequences/p_2p154434690032em03__feedback_u_3__eig_02.csv
0.002154434690031882,feedback U_3,3,11,1.576416527100248,0.0,1.576416527100248,0.999999999998938,1.0620393453564247e-12,1.0306187059156779e-06,sequences/p_2p154434690032em03__feedback_u_3__eig_03.csv
0.002154434690031882,stage 0 split entangler,8,9,7.54054707316291e-06,1.5707963267948966,-1.5707887862478234,0.9999999999687497,3.125033565254398e-11,5.5902602131011925e-06,sequences/p_2p154434690032em03__stage_0_split_entangler__eig_08.csv
0.002154434690031882,stage 0 split entangler,9,9,-2.0943012975241895e-17,1.5707963267948966,-1.5707963267948966,0.9999999999979048,2.0952128920725954e-12,1.4475442843701661e-06,sequences/p_2p154434690032em03__stage_0_split_entangler__eig_09.csv
0.002154434690031882,stage 1 split entangler,0,10,1.5707963267948968,0.0,1.5707963267948966,0.999999999998183,1.8169910021015312e-12,1.3480698949436986e-06,sequences/p_2p154434690032em03__stage_1_split_entangler__eig_00.csv
0.002154434690031882,stage 1 split entangler,2,10,1.5707963267948963,0.0,1.5707963267948966,0.9999999999988334,1.1666223542761145e-12,1.0801667385828284e-06,sequences/p_2p154434690032em03__stage_1_split_entangler__eig_02.csv
0.002154434690031882,stage 1 split entangler,5,10,1.570796326794897,0.0,1.5707963267948966,0.9999999999983489,1.6511236822225328e-12,1.2849453639291182e-06,sequences/p_2p154434690032em03__stage_1_split_entangler__eig_05.csv
0.002154434690031882,stage 1 split entangler,7,10,1.5707963267948966,0.0,1.5707963267948966,0.9999999999994642,5.357936316841005e-13,7.320558163260764e-07,sequences/p_2p154434690032em03__stage_1_split_entangler__eig_07.csv
0.002154434690031882,stage 2 split entangler,0,10,1.5707963267948966,0.0,1.5707963267948966,0.9999999999981835,1.8165469128916811e-12,1.3480698948916382e-06,sequences/p_2p154434690032em03__stage_2_split_entangler__eig_00.csv
0.002154434690031882,stage 2 split entangler,4,9,1.570796326794897,0.0,1.5707963267948966,0.999999999998403,1.5969447986208252e-12,1.263584695966443e-06,sequences/p_2p154434690032em03__stage_2_split_entangler__eig_04.csv
0.004641588833612777,feedback U_0,0,9,0.024580499540975707,0.0,0.02458049954097552,0.9999999999958138,4.186206936651615e-12,2.04601557152434e-06,sequences/p_4p641588833613em03__feedback_u_0__eig_00.csv
0.004641588833612777,feedback U_0,1,9,-0.0245804995409757,0.0,-0.02458049954097552,0.9999999999966653,3.33466587676412e-12,1.8261440052969135e-06,sequences/p_4p641588833613em03__feedback_u_0__eig_01.csv
0.004641588833612777,feedback U_0,2,9,1.5707963267948966,0.0,1.5707963267948966,0.999999999991728,8.272049711877116e-12,2.876131675286183e-06,sequences/p_4p641588833613em03__feedback_u_0__eig_02.csv
0.004641588833612777,feedback U_0,3,9,-1.5707963267948966,0.0,-1.5707963267948966,0.9999999997404581,2.595419434925361e-10,1.611031065316642e-05,sequences/p_4p641588833613em03__feedback_u_0__eig_03.csv
0.004641588833612777,feedback U_0,5,9,3.141592653589793,0.0,-3.141592653589793,0.9999999999985922,1.4077627952246985e-12,1.1864337598806988e-06,sequences/p_4p641588833613em03__feedback_u_0__eig_05.csv
0.004641588833612777,feedback U_1,0,8,-3.141592653589793,0.0,-3.141592653589793,0.9999999999983278,1.6722179196904108e-12,1.2931990867390928e-06,sequences/p_4p641588833613em03__feedback_u_1__eig_00.csv
0.004641588833612777,feedback U_1,1,8,-1.122963929865964,0.0,-1.1229639298659642,0.9999999999985087,1.4912515666765103e-12,1.2212876917158913e-06,sequences/p_4p641588833613em03__feedback_u_1__eig_01.csv
0.004641588833612777,feedback U_1,3,8,1.122963929865964,0.0,1.1229639298659642,0.9999999999860181,1.3981926727524296e-11,3.739210724205696e-06,sequences/p_4p641588833613em03__feedback_u_1__eig_03.csv
0.004641588833612777,feedback U_1,4,8,-3.141592653589793,0.0,-3.141592653589793,0.9999999999980327,1.9673151996357774e-12,1.4026747339762526e-06,sequences/p_4p641588833613em03__feedback_u_1__eig_04.csv
0.004641588833612777,feedback U_1,5,8,-1.2597899645005188,0.0,-1.2597899645005188,0.9999999999554035,4.459654867616791e-11,6.678079980039563e-06,sequences/p_4p641588833613em03__feedback_u_1__eig_05.csv
0.004641588833612777,feedback U_1,6,8,1.2597899645005188,0.0,1.259789964500519,0.9999999999989659,1.0340617251358708e-12,1.0170928572090604e-06,sequences/p_4p641588833613em03__feedback_u_1__eig_06.csv
0.004641588833612777,feedback U_2,0,10,-2.2742804841231345,0.0,-2.2742804841231345,0.9999999999991134,8.8662410746565e-13,9.418321900358639e-07,sequences/p_4p641588833613em03__feedback_u_2__eig_00.csv
0.004641588833612777,feedback U_2,1,10,3.141592653589793,0.0,-3.141592653589793,0.9999999999986284,1.3715695246219184e-12,1.171229203322803e-06,sequences/p_4p641588833613em03__feedback_u_2__eig_01.csv
0.004641588833612777,feedback U_2,2,10,2.2742804841231345,0.0,2.2742804841231345,0.9999999999989793,1.020739048840369e-12,1.010310618818257e-06,sequences/p_4p641588833613em03__feedback_u_2__eig_02.csv
0.004641588833612777,feedback U_2,3,10,-1.3335623726095043,0.0,-1.3335623726095043,0.9999999999968896,3.1104008257898386e-12,1.7636779747150429e-06,sequences/p_4p641588833613em03__feedback_u_2__eig_03.csv
0.004641588833612777,feedback U_2,4,10,1.3335623726095043,0.0,1.3335623726095047,0.9999999999987177,1.2823075934420558e-12,1.132306476654223e-06,sequences/p_4p641588833613em03__feedback_u_2__eig_04.csv
0.004641588833612777,feedback U_2,5,10,-0.5644623420955056,0.0,-0.5644623420955055,0.9999999999991438,8.562039965909207e-13,9.255650646642877e-07,sequences/p_4p641588833613em03__feedback_u_2__eig_05.csv
0.004641588833612777,feedback U_2,6,10,0.5644623420955056,0.0,0.5644623420955055,0.9999999999995353,4.647393581080905e-13,6.820335032209864e-07,sequences/p_4p641588833613em03__feedback_u_2__eig_06.csv
0.004641588833612777,feedback U_3,0,9,1.5953768263424846,0.0,1.5953768263424841,0.9999999999958138,4.186206936651615e-12,2.0460155724855575e-06,sequences/p_4p641588833613em03__feedback_u_3__eig_00.csv
0.004641588833612777,feedback U_3,1,9,-1.5953768263424846,0.0,-1.5953768263424846,0.9999999999966653,3.33466587676412e-12,1.8261440055493947e-06,sequences/p_4p641588833613em03__feedback_u_3__eig_01.csv
0.004641588833612777,feedback U_3,2,9,-1.582988241826015,0.0,-1.582988241826015,0.9999999999988081,1.191935439237568e-12,1.0918667316618711e-06,sequences/p_4p641588833613em03__feedback_u_3__eig_02.csv
0.004641588833612777,feedback U_3,3,9,1.582988241826015,0.0,1.5829882418260155,0.9999999999959621,4.037881140561694e-12,2.00942089470855e-06,sequences/p_4p641588833613em03__feedback_u_3__eig_03.csv
0.004641588833612777,feedback U_3,5,7,3.141592653589793,0.0,-3.141592653589793,0.999923267041242,7.673295875798569e-05,0.008759819107836419,sequences/p_4p641588833613em03__feedback_u_3__eig_05.csv
0.004641588833612777,feedback U_3,6,7,3.141592653589793,0.0,-3.141592653589793,0.9999531890218782,4.6810978121758495e-05,0.0068418949094142855,sequences/p_4p641588833613em03__feedback_u_3__eig_06.csv
0.004641588833612777,stage 0 split entangler,8,7,2.0623843225957335e-17,1.5707963267948966,-1.5707963267948966,0.9999999997063629,2.936371146233796e-10,1.71358521800869e-05,sequences/p_4p641588833613em03__stage_0_split_entangler__eig_08.csv
0.004641588833612777,stage 0 split entangler,9,9,-2.187647724897288e-17,1.5707963267948966,-1.5707963267948966,0.9999999999941669,5.8331117713805725e-12,2.415316475093763e-06,sequences/p_4p641588833613em03__stage_0_split_entangler__eig_09.csv
0.004641588833612777,stage 1 split entangler,0,10,1.5707963267948974,0.0,1.5707963267948974,0.9999999999978577,2.142286348316702e-12,1.4638127510944737e-06,sequences/p_4p641588833613em03__stage_1_split_entangler__eig_00.csv
0.004641588833612777,stage 1 split entangler,2,10,1.5707963267948963,0.0,1.5707963267948966,0.999999999998435,1.5649703755116207e-12,1.251077605271977e-06,sequences/p_4p641588833613em03__stage_1_split_entangler__eig_02.csv
0.004641588833612777,stage 1 split entangler,3,10,1.5707963267948972,0.0,1.5707963267948974,0.9999999999987512,1.248778858098376e-12,1.1175844738214843e-06,sequences/p_4p641588833613em03__stage_1_split_entangler__eig_03.csv
0.004641588833612777,stage 1 split entangler,5,10,1.570796326794897,0.0,1.5707963267948966,0.999999999999732,2.680078381445128e-13,5.176059417525423e-07,sequences/p_4p641588833613em03__stage_1_split_entangler__eig_05.csv
0.004641588833612777,stage 2 split entangler,0,10,1.570796326794897,0.0,1.5707963267948966,0.9999999999978579,2.142064303711777e-12,1.4638127510284451e-06,sequences/p_4p641588833613em03__stage_2_split_entangler__eig_00.csv
0.004641588833612777,stage 2 split entangler,5,7,1.5707963267948968,0.0,1.5707963267948966,0.999999990003128,9.996871996875711e-09,9.998436046692513e-05,sequences/p_4p641588833613em03__stage_2_split_entangler__eig_05.csv
0.01,feedback U_0,0,9,0.054830370509798894,0.0,0.054830370509798776,0.9999999999986762,1.3238299345630367e-12,1.15056496832537e-06,sequences/p_1p000000000000em02__feedback_u_0__eig_00.csv
0.01,feedback U_0,1,9,-0.0548303705097989,0.0,-0.054830370509798776,0.9999999999970821,2.9178881533198364e-12,1.7080962535074882e-06,sequences/p_1p000000000000em02__feedback_u_0__eig_01.csv
0.01,feedback U_0,2,9,0.026891301355806432,0.0,0.02689130135580653,0.9999999999934546,6.545430863980073e-12,2.55840038562608e-06,sequences/p_1p000000000000em02__feedback_u_0__eig_02.csv
0.01,feedback U_0,3,9,-0.026891301355806436,0.0,-0.02689130135580653,0.9999999999978963,2.1036505870597466e-12,1.4505798389195767e-06,sequences/p_1p000000000000em02__feedback_u_0__eig_03.csv
0.01,feedback U_0,4,9,3.141592653589793,0.0,-3.141592653589793,0.9999999999978186,2.1813661987835076e-12,1.4769427178564313e-06,sequences/p_1p000000000000em02__feedback_u_0__eig_04.csv
0.01,feedback U_0,6,9,3.141592653589793,0.0,-3.141592653589793,0.9999999999986915,1.3085088568232095e-12,1.1438896374771783e-06,sequences/p_1p000000000000em02__feedback_u_0__eig_06.csv
0.01,feedback U_1,0,10,-3.141592653589793,0.0,-3.141592653589793,0.9999999999984208,1.5791812302268227e-12,1.2569943016650572e-06,sequences/p_1p000000000000em02__feedback_u_1__eig_00.csv
0.01,feedback U_1,1,10,-1.1229639298659642,0.0,-1.1229639298659642,0.9999999999986751,1.3249401575876618e-12,1.1511955171974726e-06,sequences/p_1p000000000000em02__feedback_u_1__eig_01.csv
0.01,feedback U_1,2,10,1.122963929865964,0.0,1.1229639298659642,0.9999999999991038,8.961720254774264e-13,9.466564448523708e-07,sequences/p_1p000000000000em02__feedback_u_1__eig_02.csv
0.01,feedback U_1,4,10,3.141592653589793,0.0,-3.141592653589793,0.9999999999991511,8.488765246283947e-13,9.215076675651769e-07,sequences/p_1p000000000000em02__feedback_u_1__eig_04.csv
0.01,feedback U_1,5,10,-1.2582995205300278,0.0,-1.2582995205300278,0.9999999999984075,1.5925039065223245e-12,1.2619217521736115e-06,sequences/p_1p000000000000em02__feedback_u_1__eig_05.csv
0.01,feedback U_1,6,10,1.2582995205300278,0.0,1.258299520530028,0.9999999999992657,7.343015084870785e-13,8.571346417502568e-07,sequences/p_1p000000000000em02__feedback_u_1__eig_06.csv
0.01,feedback U_2,0,10,1.3335623726095047,0.0,1.3335623726095047,0.999999999998632,1.3680168109431179e-12,1.169691915236569e-06,sequences/p_1p000000000000em02__feedback_u_2__eig_00.csv
0.01,feedback U_2,1,10,0.5644623420955052,0.0,0.564462342095505,0.9999999999983438,1.6562307081358085e-12,1.2868732001759818e-06,sequences/p_1p000000000000em02__feedback_u_2__eig_01.csv
0.01,feedback U_2,3,10,-0.5644623420955052,0.0,-0.564462342095505,0.9999999999986828,1.3171685964152857e-12,1.1478352351370794e-06,sequences/p_1p000000000000em02__feedback_u_2__eig_03.csv
0.01,feedback U_2,4,10,-1.3335623726095047,0.0,-1.3335623726095047,0.9999999999981186,1.8813839375297903e-12,1.3715908261373397e-06,sequences/p_1p000000000000em02__feedback_u_2__eig_04.csv
0.01,feedback U_2,5,10,2.274280484123134,0.0,2.2742804841231337,0.999999999998674,1.326050380612287e-12,1.1514284371546945e-06,sequences/p_1p000000000000em02__feedback_u_2__eig_05.csv
0.01,feedback U_2,6,10,-2.274280484123134,0.0,-2.274280484123134,0.9999999999995648,4.3520742565306136e-13,6.60034437639556e-07,sequences/p_1p000000000000em02__feedback_u_2__eig_06.csv
0.01,feedback U_2,7,10,-3.141592653589793,0.0,-3.141592653589793,0.9999999999987219,1.2780887459484802e-12,1.1305294624479472e-06,sequences/p_1p000000000000em02__feedback_u_2__eig_07.csv
0.01,feedback U_3,0,9,-1.0785592566786184,0.0,-1.0785592566786182,0.999999999993954,6.0460525475036775e-12,2.458832345896258e-06,sequences/p_1p000000000000em02__feedback_u_3__eig_00.csv
0.01,feedback U_3,1,9,1.0785592566786184,0.0,1.0785592566786182,0.9999999999875904,1.240962888005015e-11,3.5228081131123886e-06,sequences/p_1p000000000000em02__feedback_u_3__eig_01.csv
0.01,feedback U_3,2,9,3.141592653589793,0.0,-3.141592653589793,0.9999999999981899,1.8101076193488552e-12,1.3455010304776427e-06,sequences/p_1p000000000000em02__feedback_u_3__eig_02.csv
0.01,feedback U_3,3,9,3.141592653589793,0.0,-3.141592653589793,0.9999999999975795,2.4205082382877663e-12,1.5558498177438588e-06,sequences/p_1p000000000000em02__feedback_u_3__eig_03.csv
0.01,feedback U_3,6,9,3.141592653589793,0.0,-3.141592653589793,0.9999999999986915,1.3085088568232095e-12,1.1438896374771783e-06,sequences/p_1p000000000000em02__feedback_u_3__eig_06.csv
0.01,stage 0 split entangler,8,7,1.3620704820118817e-17,1.5707963267948966,-1.5707963267948966,0.9999999999799587,2.0041301951323476e-11,4.476775276531367e-06,sequences/p_1p000000000000em02__stage_0_split_entangler__eig_08.csv
0.01,stage 0 split entangler,9,9,1.334154928887291e-17,1.5707963267948966,-1.5707963267948966,0.9999999999897162,1.02837738324979e-11,3.206807391575633e-06,sequences/p_1p000000000000em02__stage_0_split_entangler__eig_09.csv
0.01,stage 1 split entangler,0,10,1.5707963267948968,0.0,1.5707963267948966,0.9999999999982203,1.779687508474126e-12,1.3342234661511074e-06,sequences/p_1p000000000000em02__stage_1_split_entangler__eig_00.csv
0.01,stage 1 split entangler,3,10,1.5707963267948968,0.0,1.5707963267948966,0.9999999999981579,1.8420820424580597e-12,1.3572983692738631e-06,sequences/p_1p000000000000em02__stage_1_split_entangler__eig_03.csv
0.01,stage 1 split entangler,5,10,1.5707963267948968,0.0,1.5707963267948966,0.9999999999989893,1.0107470416187425e-12,1.0053892751466831e-06,sequences/p_1p000000000000em02__stage_1_split_entangler__eig_05.csv
0.01,stage 1 split entangler,8,10,1.570796326794897,0.0,1.5707963267948966,0.9999999999987452,1.254774062431352e-12,1.1202189854128032e-06,sequences/p_1p000000000000em02__stage_1_split_entangler__eig_08.csv
0.01,stage 2 split entangler,0,10,1.570796326794897,0.0,1.5707963267948966,0.9999999999982199,1.780131597683976e-12,1.334223466155429e-06,sequences/p_1p000000000000em02__stage_2_split_entangler__eig_00.csv
0.01,stage 2 split entangler,4,7,1.5707963267948966,0.0,1.5707963267948966,0.9999999999945075,5.4924953474255744e-12,2.343644611371606e-06,sequences/p_1p000000000000em02__stage_2_split_entangler__eig_04.csv
